<node>
  <interface name="org.gnome.SessionManager">
    <method name="Logout">
      <arg name="mode" type="u" direction="in"/>
    </method>
    <method name="Shutdown"/>
    <method name="Reboot"/>
    <method name="Inhibit">
      <arg type="s" name="app_id" direction="in"/>
      <arg type="u" name="toplevel_xid" direction="in"/>
      <arg type="s" name="reason" direction="in"/>
      <arg type="u" name="flags" direction="in"/>
      <arg type="u" name="inhibit_cookie" direction="out"/>
    </method>
    <method name="Uninhibit">
      <arg type="u" name="inhibit_cookie" direction="in"/>
    </method>
    <method name="CanShutdown">
      <arg type="b" direction="out"/>
    </method>
    <method name="IsInhibited">
      <arg type="u" direction="in"/>
      <arg type="b" direction="out"/>
    </method>
    <method name="RegisterClient">
      <arg type="s" name="app_id" direction="in"/>
      <arg type="s" name="client_startup_id" direction="in"/>
      <arg type="o" name="client_id" direction="out"/>
    </method>
    <property name="SessionIsActive" type="b" access="read"/>
    <signal name="InhibitorAdded">
      <arg type="o" direction="out"/>
    </signal>
    <signal name="InhibitorRemoved">
      <arg type="o" direction="out"/>
    </signal>
  </interface>
</node>
